{
  "version": 1,
  "author": "Goutham",
  "editor": "wokwi",
  "parts": [
    { "type": "board-esp32-devkit-c-v4", "id": "esp", "top": 96, "left": 33.64, "attrs": {} },
    { "type": "wokwi-dht22", "id": "dht1", "top": -86.1, "left": -130.2, "attrs": {} },
    {
      "type": "wokwi-lcd1602",
      "id": "lcd1",
      "top": 227.2,
      "left": 274.4,
      "attrs": { "pins": "i2c" }
    },
    { "type": "wokwi-led", "id": "led1", "top": -3.6, "left": 215, "attrs": { "color": "red" } },
    {
      "type": "wokwi-led",
      "id": "led2",
      "top": -22.8,
      "left": 291.8,
      "attrs": { "color": "limegreen" }
    },
    {
      "type": "wokwi-resistor",
      "id": "r1",
      "top": 72,
      "left": 210.65,
      "rotate": 90,
      "attrs": { "value": "330" }
    },
    {
      "type": "wokwi-resistor",
      "id": "r2",
      "top": 72,
      "left": 287.45,
      "rotate": 90,
      "attrs": { "value": "330" }
    }
  ],
  "connections": [
    [ "esp:TX", "$serialMonitor:RX", "", [] ],
    [ "esp:RX", "$serialMonitor:TX", "", [] ],
    [ "dht1:VCC", "esp:3V3", "red", [ "v0" ] ],
    [ "dht1:SDA", "esp:4", "green", [ "v307.2", "h268.9", "v-96" ] ],
    [ "dht1:GND", "esp:GND.1", "black", [ "v0" ] ],
    [ "lcd1:SCL", "esp:22", "green", [ "h-96", "v-124.5" ] ],
    [ "lcd1:SDA", "esp:21", "green", [ "h-76.8", "v-115" ] ],
    [ "esp:GND.3", "lcd1:GND", "black", [ "h105.6", "v76.8" ] ],
    [ "led1:C", "esp:GND.2", "black", [ "v0" ] ],
    [ "lcd1:VCC", "esp:3V3", "red", [ "h-67.2", "v-230.3", "h-172.8" ] ],
    [ "led2:C", "esp:GND.3", "black", [ "v163.2", "h-86" ] ],
    [ "r1:1", "led1:A", "green", [ "h0" ] ],
    [ "r2:1", "led2:A", "green", [ "h0" ] ],
    [ "r1:2", "esp:17", "green", [ "h9.6", "v114" ] ],
    [ "esp:5", "r2:2", "green", [ "h182.4", "v-115.2" ] ]
  ],
  "dependencies": {}
}